etiqueta,mensaje,,,
spam,BBVA: Detectamos un acceso no autorizado. Verifica tu cuenta: bit.ly/bbva-mx
spam,Ganaste un premio de $10000 pesos. Llama al 800-555-0199 para reclamar
spam,IMSS: Su cita medica esta programada. Confirme en: imss-citas.com
spam,Banorte: Su tarjeta fue bloqueada por seguridad. Ingrese aqui: bit.ly/bnrt
spam,Felicidades! Eres el ganador del sorteo Telcel. Responde SI para continuar
spam,SAT: Tiene un reembolso pendiente de $3420. Ingresa tus datos en: sat-mx.com
spam,Su paquete no pudo ser entregado. Reprograme en: correosmx.net/entrega
spam,STARBUCKS: Tienes 500 puntos por vencer. Canjealos: strbcks.com/mx
spam,Verificacion requerida: su cuenta Mercado Pago fue suspendida. Ingrese: bit.ly/mp-mx
spam,TELMEX: Su servicio sera suspendido. Pague ahora: telmex-pagos.com
spam,CFE: Tiene un adeudo pendiente. Evite el corte: cfe-pagos.net/verificar
spam,Netflix: Su suscripcion expiro. Actualice su pago: bit.ly/netflix-mx
spam,Hola! Soy del INFONAVIT. Tienes credito aprobado. Llama ya: 800-555-0177
spam,Amazon: Su pedido fue retenido en aduana. Pague $350 para liberarlo: amzn-mx.com
spam,BBVA: Su token expiro. Reactívelo ahora o perdera acceso: bit.ly/token-bbva
spam,Urgente: su numero sera dado de baja. Confirme identidad: telcel-mx.net
spam,Ganador! Su numero fue seleccionado. Reclame $50000 en: premios-mx.com
spam,HSBC: Movimiento sospechoso en su cuenta. Verifique: hsbc-seguro.com
spam,Scotiabank: Limite de credito aumentado. Active beneficio: bit.ly/scotia-mx
spam,OXXO Pay: Tiene un reembolso de $780. Reclame en: oxxo-reembolsos.com
spam,Su cuenta de WhatsApp sera suspendida. Verifique: bit.ly/wa-verificar
spam,Gobierno CDMX: Multa vehicular pendiente. Pague antes del viernes: cdmx-multas.com
spam,Infonavit: Su fondo de ahorro esta listo. Retirelo en: infonavit-retiro.net
spam,Soriana: Gano una tarjeta de regalo de $2000. Reclame: soriana-premios.com
spam,Coppel: Su credito fue aprobado. Active su tarjeta: coppel-activa.com
spam,Liverpool: Tiene puntos acumulados por vencer. Canjee: liverpool-puntos.mx
spam,Cinepolis: Gano 4 boletos gratis. Reclame antes de 24hrs: cinepolis-premios.com
spam,Su numero participo en rifa IMSS. Gano $15000. Confirme datos: bit.ly/imss-rifa
spam,Bancomer: Detectamos compra no reconocida de $4500. Cancele: bit.ly/bancomer
spam,Alerta SAT: Declaracion anual pendiente con multa. Regularice: sat-declaracion.com
ham,Hola como estas?
ham,Mañana es la junta a las 10am en la sala 3
ham,Tu codigo de verificacion de WhatsApp es 847291
ham,Ma ya llegue a casa cualquier cosa me marcas
ham,Recordatorio cita dental el jueves 20 a las 4pm
ham,Tu pedido 38291 ha sido enviado. Llega en 3-5 dias habiles
ham,Ya viste el partido? Estuvo increible
ham,Comprobante de pago OXXO $350 recibidos correctamente
ham,Pasas por mi al rato o como le hacemos
ham,El doctor dijo que todo esta bien no te preocupes
ham,Junta cancelada para hoy la reagendamos para el lunes
ham,Oye se me olvido decirte que el miercoles no voy a poder
ham,Tu reservacion en el restaurante esta confirmada para las 8pm
ham,Gracias por tu compra en Farmacias del Ahorro ticket 00234
ham,El profe dijo que el examen es el martes no el miercoles
ham,Ya subi las fotos al grupo de WhatsApp checalas
ham,Nos vemos en la tarde en el mismo lugar de siempre
ham,La tarea es del capitulo 3 al 5 para el viernes
ham,Oye ya llegaron los de mudanzas avisame cuando puedas
ham,Tu cita en el IMSS es el lunes 14 a las 9am en modulo 4
ham,Banco Azteca: Su prestamo personal fue depositado exitosamente
ham,Claro: Su recarga de $100 fue aplicada correctamente
ham,Telcel: Su paquete de datos de 5GB fue activado con exito
ham,Ya pague la renta te mando el comprobante por WhatsApp
ham,El vuelo sale a las 6am no olvides llegar 2 horas antes
ham,Confirma tu asistencia a la boda antes del 30 de noviembre
ham,Mañana no hay clases por el dia del maestro
ham,Tu solicitud de beca fue aprobada pasa a recoger documentos
ham,El gas ya llego te dejo el recibo en la mesa
ham,Aviso vecinos: mantenimiento de elevador el sabado de 9 a 12
spam,Recupera tu cuenta bancaria bloqueada: bit.ly/recupera-cuenta
spam,IMSS informa: tienes una incapacidad pendiente de cobro. Ingresa: imss-cobro.com
spam,Aviso Banorte: se ha realizado un cargo de $8500. Cancelalo: bit.ly/banorte-cargo
spam,Has sido seleccionado para recibir apoyo gobierno $4500. Registrate: apoyos-mx.com
spam,Tu cuenta BBVA tiene un beneficio especial. Activalo: bit.ly/bbva-beneficio
spam,Alerta Citibanamex: acceso desde dispositivo desconocido. Verifica: citi-mx.com
spam,Gana dinero desde casa facil y rapido. Registrate gratis: gana-mx.net
spam,Urgente: su seguro de vida vence hoy. Renovelo: seguros-mx.com/renovar
spam,PEMEX: tiene un bono de empleado pendiente. Reclame: pemex-bonos.com
spam,Telcel le regala 10GB por su lealtad. Active: telcel-regalo.net
spam,Su visa americana fue aprobada. Pague tramite: visa-mx.com/pago
spam,Banco Azteca: su prestamo de $20000 fue aprobado. Active: bit.ly/azteca-prestamo
spam,Detectamos que usted es ganador de iPhone 15. Reclame: bit.ly/iphone-mx
spam,FOVISSSTE: su credito hipotecario fue autorizado. Ingrese: fovissste-credito.com
spam,Consar: su ahorro para el retiro tiene rendimientos. Retire: consar-retiro.net
spam,Su numero fue premiado por Bodega Aurrera. Reclame $5000: bit.ly/aurrera-premio
spam,Aviso IMSS: su NSS tiene un error. Corrijalo antes del viernes: imss-nss.com
spam,CFE informa corte de luz programado. Evitelo pagando: cfe-evita-corte.com
spam,Recibe $500 pesos por contestar esta encuesta: encuesta-pagada-mx.com
spam,Migracion CURP: su documento tiene inconsistencias. Corrija: curp-mx.net
spam,Tu solicitud de empleo fue aceptada. Deposita fianza de $1500: empleo-mx.com
spam,Alerta: su RFC fue utilizado para declaracion falsa. Verifique: rfc-alerta.com
spam,BECA BENITO JUAREZ: deposito pendiente. Actualiza datos: beca-juarez-mx.com
spam,Has ganado un viaje a Cancun todo incluido. Reclama: viaje-premio-mx.com
spam,Notificacion judicial pendiente a su nombre. Consulte: juicio-mx.com
ham,Oye te presto el apunte del lunes si quieres
ham,Buen dia recuerda traer tu credencial mañana para el tramite
ham,El super ya esta listo paso por ti en 10 minutos
ham,Confirma tu cita de mañana respondiendo SI o NO
ham,Tu transferencia de $500 fue recibida gracias
ham,La señora de la limpieza no va a poder venir el sabado
ham,Aviso importante: el agua se va a cortar mañana de 8 a 12
ham,Mañana es el ultimo dia para pagar la colegiatura
ham,Ya sali del trabajo llego como en media hora
ham,Feliz cumpleaños! Que la pases muy bien el dia de hoy
ham,Tu hijo llego bien a la escuela ya esta en salon
ham,El pedido de pizza ya va en camino llega en 20 minutos
ham,Recuerda que mañana es dia feriado no hay clases
ham,Ya quedo arreglado el coche pasa por el cuando puedas
ham,Tu contrato de arrendamiento vence el proximo mes avisanos
ham,Se busca roomie departamento 2 recamaras zona Condesa
ham,El grupo de estudio se reune el domingo a las 4pm
ham,Gracias por venir hoy fue un placer atenderte
ham,Tu numero de folio es 847392 guardalo para cualquier aclaracion
ham,Mañana llevamos pastel para el cumple de la maestra
ham,Ya llego el estado de cuenta al correo checalo cuando puedas
ham,El partido de futbol es el sabado a las 11am cancha 3
ham,Tu solicitud de vacaciones fue aprobada del 15 al 22
ham,Aviso condominio: asamblea extraordinaria el jueves 8pm salon
ham,La feria del libro es este fin de semana entrada libre
spam,Santander: su cuenta presenta movimientos inusuales. Verifique: bit.ly/san-mx
spam,INEGI: usted fue seleccionado para encuesta con pago de $800. Registrese: inegi-pago.com
spam,Su telefono tiene un virus. Eliminelo descargando: limpia-virus-mx.com
spam,Ganador sorteo Cruz Roja: $30000 pesos. Confirme datos: cruz-roja-sorteo.com
spam,AFORE SURA: su cuenta tiene rendimientos no reclamados. Retire: sura-retiro.net
spam,Alerta Mercado Libre: su cuenta fue hackeada. Verifique: bit.ly/ml-alerta
spam,Reciba $3000 semanales trabajando desde casa. Informes: trabajo-casa-mx.com
spam,Su licencia de conducir esta por vencer. Renovela: licencia-mx.net/renovar
spam,ISSSTE: beneficio medico especial disponible. Solicite: issste-beneficio.com
spam,Compartamos Banco: prestamo inmediato aprobado. Active: bit.ly/compartamos
spam,Notificacion IMSS: su clinica fue reasignada. Confirme: imss-reasignacion.com
spam,Recarga tu Tarjeta de Transporte y recibe 50 pesos extra: transporte-mx.net
spam,Tu cuenta de Netflix fue accedida desde otro pais. Asegura: bit.ly/nflx-mx
spam,BBVA Bancomer: su chequera digital expira hoy. Renueve: bit.ly/chequera
spam,Premio especial Walmart: $10000 en compras. Reclame: walmart-premio-mx.com
ham,Oye se te olvido tu chamarra en mi casa te la guardo
ham,El medico dijo que los resultados salen en 3 dias
ham,Pasas a recoger a los niños o los llevo yo hoy
ham,Buenas noches que descanses hasta mañana
ham,La clase de mañana se cambia al salon 204 segundo piso
ham,Acaba de llegar paqueteria para ti esta en la recepcion
ham,Te llame pero no contestaste marcame cuando puedas
ham,El wifi de la oficina se cae seguido reportalo con sistemas
ham,Ya regrese del viaje todo bien gracias por preguntar
ham,Recuerda traer los documentos que te pedi para el tramite
ham,Este fin de semana hay tianguis en el parque entrada libre
ham,Tu cita para revision de lentes es el martes a las 5pm
ham,El profe subio las calificaciones ya puedes consultarlas
ham,Mañana es la presentacion del proyecto preparate bien
ham,Se cancela la practica de hoy por la lluvia avisale a todos
ham,Ya deposite la quincena checas tu cuenta por favor
ham,La reunion de padres de familia es el viernes a las 6pm
ham,Hoy llega tu hermano al aeropuerto a las 9pm no olvides
ham,Tu seguro de auto se renueva automaticamente el dia 15
ham,El plomero dice que tarda una hora mas en terminar
ham,La farmacia ya tiene tu medicamento apartado pasa hoy
ham,Aviso escuela: semana de examenes del 20 al 24 de enero
ham,Ya se subio el horario del proximo semestre checalo
ham,Tu cita para pasaporte es el miercoles 10am edificio A
ham,Llegaron los muebles que pediste los subo en un momento
spam,Alerta HSBC: su tarjeta fue clonada. Bloquéela: bit.ly/hsbc-bloqueo
spam,Sepomex: su paquete tiene adeudo aduanal de $450. Pague: bit.ly/sepomex-adeudo
spam,Banamex: su cuenta sera cancelada en 24hrs. Evitelo: banamex-urgente.com
spam,Gane hasta $15000 mensuales invirtiendo en criptomonedas: cripto-mx.net
spam,Su numero fue seleccionado por Soriana para premio mayor: bit.ly/soriana-gana
spam,IMSS: su pension por invalidez fue aprobada. Reclame: imss-pension.net
spam,Alerta Telcel: consumio el 100% de sus datos. Recargue: bit.ly/telcel-recarga
spam,Su credito en Coppel tiene una promocion exclusiva hoy: coppel-promo.com
spam,Gobierno Mexico: subsidio de luz disponible para su domicilio: bit.ly/subsidio-cfe
spam,SAT: su empresa tiene una auditoria pendiente. Atiendala: sat-auditoria.com
spam,BANJERCITO: tiene un vehiculo retenido a su nombre. Libérelo: bit.ly/banjercito
spam,Oferta exclusiva: seguro de vida desde $99 pesos al mes: seguros-baratos-mx.com
spam,Tu cuenta de Spotify fue suspendida. Reactívela: bit.ly/spotify-mx
spam,CONAGUA: su medidor de agua tiene adeudo. Regularice: conagua-adeudo.com
spam,Premio OXXO: su ticket fue ganador de $5000. Reclame: oxxo-ganador.com
spam,Inversion segura con rendimientos del 30% mensual: invierte-seguro-mx.com
spam,Verificacion pendiente en su cuenta de Amazon Mexico: bit.ly/amazon-verifica
spam,IMSS: su expediente medico tiene una actualizacion urgente: imss-expediente.net
spam,Su tarjeta de debito BBVA tiene un cargo no reconocido de $2300: bit.ly/bbva-cargo
spam,Notificacion: su domicilio tiene una deuda predial pendiente: predial-mx.com
spam,Banco Azteca le otorga credito de $50000 sin buro. Active: bit.ly/azteca-credito
spam,Su numero gano en la rifa del Teletón. Confirme: bit.ly/teletonrifa
spam,Urgente: su CURP fue utilizada para tramite ilegal. Verifique: curp-urgente.com
spam,Movistar: su linea sera suspendida por falta de pago: bit.ly/movistar-pago
spam,AT&T: tiene facturas pendientes. Evite suspension: att-mx-pagos.com
ham,Hola buen dia como te fue en el examen de ayer
ham,Ya pague el predial guardo el comprobante por si acaso
ham,La vecina dice que mañana hay corte de agua todo el dia
ham,Oye me prestas tus apuntes de calculo para el fin de semana
ham,Tu inscripcion al taller de cocina esta confirmada el sabado
ham,El niño ya se tomo el medicamento y esta mejor gracias
ham,Mañana es el dia del maestro no olvides el detalle
ham,Ya llego el técnico a revisar el internet tarda como una hora
ham,Recuerda que el lunes es dia feriado no hay transporte
ham,Tu solicitud de cambio de turno fue autorizada desde el lunes
ham,El gimnasio estara cerrado el domingo por mantenimiento
ham,Ya saque turno en el banco es el jueves a las 11am
ham,La presentacion del martes es en el auditorio no en el salon
ham,Mañana traen el colchon que pediste en la mañana estate
ham,Tu expediente escolar ya esta listo puedes pasar a recogerlo
ham,Se necesita voluntario para el evento del sabado avisame
ham,El taller mecanico dice que tu carro queda listo el viernes
ham,Ya confirme la reservacion del hotel para las vacaciones
ham,Oye se me olvido avisarte que el miercoles no hay agua
ham,Tu beca fue renovada para el siguiente semestre felicidades
ham,La reunion del condominio se pospuso para el siguiente mes
ham,Recuerda llevar tu comprobante de domicilio para el tramite
ham,El profe dijo que el proyecto puede entregarse el lunes
ham,Ya llego tu pedido de mercado libre esta en la puerta
ham,Mañana es la graduacion recuerda llegar media hora antes
spam,Ganaste un SmartTV 55 pulgadas en sorteo Elektra. Reclama: elektra-premio.com
spam,INFONAVIT: su credito fue cancelado por error. Reactívelo: infonavit-reactiva.net
spam,Alerta PayPal: cuenta limitada por actividad inusual. Verifica: bit.ly/paypal-mx
spam,Su poliza de seguro Qualitas tiene un reembolso pendiente: qualitas-reembolso.com
spam,Reciba dinero por ver anuncios desde su celular: gana-viendo-mx.com
spam,FONDO PENSIONES: tiene $45000 no reclamados. Retírelos: fondo-pension-mx.net
spam,Banco HSBC: su cuenta corriente fue bloqueada. Desbloquee: bit.ly/hsbc-desbloqueo
spam,Su hijo fue reportado en lista negra escolar. Verifique: lista-negra-sep.com
spam,Oferta: compre 2 colchones y llevese 1 gratis hoy: colchones-mx.com/oferta
spam,Premio Navideño Chedraui: gano canasta de $8000. Reclame: chedraui-navidad.com
spam,Alerta migracion: su pasaporte fue usado en otro pais. Reporte: pasaporte-alerta.com
spam,ISSSTE: su pension mensual tiene un incremento pendiente: issste-pension.net
spam,Recupere su dinero perdido en inversiones con nuestra ayuda: recupera-inversion.com
spam,Su cuenta de iCloud fue comprometida. Asegurela: bit.ly/icloud-mx
spam,Notificacion SEP: su cedula profesional tiene observaciones: sep-cedula.com
spam,Gane premios jugando desde su celular. Descargue: juega-gana-mx.com
spam,IMSS: cambio de clinica familiar autorizado. Confirme: bit.ly/imss-clinica
spam,Su propiedad aparece en demanda judicial. Consulte: demanda-mx.net
spam,Bimbo: participe en nuestro concurso y gane $20000: bimbo-concurso.com
spam,Alerta: detectamos intento de robo de identidad a su nombre: bit.ly/robo-identidad
ham,Oye ya llego la pizza estamos esperandote baja
ham,El dentista confirma tu cita para el martes a las 3pm
ham,Ya termine el reporte lo mando por correo ahorita
ham,Mañana es el ultimo dia de descuentos en el tianguis
ham,Tu hermana llama que si puedes hablarle cuando puedas
ham,El agua ya volvio despues del corte de ayer todo bien
ham,La maestra mando tarea de matematicas para el lunes
ham,Ya quedo listo el pastel para mañana lo recojo en la mañana
ham,Oye el examen final es el viernes no el jueves corrijo
ham,Tu cita para el oculista es el proximo miercoles a las 4pm
ham,Aviso: mañana no hay clases por junta de maestros
ham,Ya le pague al plomero quedo muy bien el trabajo
ham,El vuelo tiene retraso de una hora ya te aviso cuando salga
ham,Recuerda que el sabado es el cumple de tu abuela no faltes
ham,Ya llego el paquete que esperabas esta en la entrada
ham,La junta de trabajo se mueve al lunes a las 9am disculpen
ham,Tu solicitud de credito Infonavit requiere un documento mas
ham,El sabado hay kermes en la escuela de 10am a 3pm
ham,Ya hable con el arrendador acepta renovar el contrato
ham,Mañana es la visita al museo recuerda llevar tu credencial
ham,El profe subio retroalimentacion del parcial checalo en plataforma
ham,Tu reservacion de Airbnb fue confirmada para el fin de semana
ham,Ya deposite lo del gas avisame cuando llegue el señor
ham,La siguiente clase es en linea por zoom el link ya lo mande
ham,Oye se me olvido decirte muchas gracias por tu ayuda ayer
ham,El evento de la empresa es el jueves formal o semiformal
ham,Ya quedo tu carro en el taller dice que mañana esta listo
ham,Confirma si vas a la posada para apartar tu lugar
ham,Tu constancia de estudios ya esta firmada pasa por ella
ham,El proximo mes empiezan las clases nuevamente preparate
spam,Alerta BBVA: su limite de credito fue reducido. Recuperelo: bit.ly/bbva-limite
spam,IMSS: tiene medicamentos no reclamados en farmacia. Recójelos: imss-farmacia.net
spam,Su cuenta de Mercado Pago recibio un cargo de $1200. Cancele: bit.ly/mp-cargo
spam,Telcel: gano un iPhone 15 Pro por su antiguedad. Reclame: telcel-iphone.com
spam,SAT: su declaracion anual tiene inconsistencias graves. Corrija: sat-inconsistencia.com
spam,Banco Azteca: su tarjeta de debito expira hoy. Renueve: bit.ly/azteca-tarjeta
spam,IMSS: su incapacidad por maternidad fue aprobada. Cobre: imss-maternidad.net
spam,Alerta Banorte: compra internacional sospechosa de $6700. Cancele: bit.ly/bnrt-compra
spam,Su RFC aparece en lista negra del SAT. Regularice hoy: sat-lista-negra.com
spam,Gobierno federal: apoyo economico COVID disponible aun. Registrese: apoyo-covid-mx.com
spam,FOVISSSTE: su credito hipotecario tiene tasa preferencial hoy: fovissste-tasa.net
spam,Citibanamex: su cuenta de nomina tiene beneficios no activados: bit.ly/citi-beneficios
spam,Su numero de seguridad social fue clonado. Reportelo: nss-clonado.com
spam,Alerta CFE: su medidor fue manipulado. Verifique: cfe-medidor-alerta.com
spam,Premio Navidad Soriana: $25000 en tarjeta de regalo. Reclame: bit.ly/soriana-navidad
spam,CONSAR: su AFORE tiene comisiones cobradas de mas. Recupere: consar-comisiones.net
spam,Detectamos que su celular fue espiado. Protejalo: bit.ly/protege-cel
spam,Su credito hipotecario fue preaprobado sin buro. Solicite: hipoteca-mx.net
spam,IMSS: encuesta de satisfaccion con pago de $500. Participe: imss-encuesta.com
spam,Alerta Movistar: su linea tiene llamadas internacionales no autorizadas: bit.ly/movistar-alerta
spam,Scotiabank: tiene un seguro de vida activo no reclamado: scotia-seguro.net
spam,Su cuenta de TikTok fue reportada y sera eliminada. Apele: bit.ly/tiktok-mx
spam,PEMEX: los trabajadores tienen bono especial disponible: pemex-bono.com
spam,Gane $500 diarios respondiendo encuestas desde casa: encuestas-pago-mx.net
spam,Alerta HSBC: su tarjeta fue usada en compra de $3400 en USA: bit.ly/hsbc-usa
spam,INFONAVIT: su subcuenta de vivienda tiene saldo no reclamado: infonavit-saldo.net
spam,Alerta Banamex: su cuenta fue accedida desde Rusia. Bloquee: bit.ly/banamex-rusia
spam,Su licencia de software Windows expiro. Renueve: bit.ly/windows-mx
spam,IMSS: tiene una pension por viudez pendiente de cobro: imss-viudez.com
spam,Oferta exclusiva Amazon Prime: 6 meses gratis. Active: bit.ly/prime-mx
spam,Alerta SAT: tiene facturas falsas emitidas a su RFC: sat-facturas.net
spam,Su tarjeta Walmart tiene puntos por vencer esta semana: walmart-puntos.com
spam,ISSSTE: su expediente clinico requiere actualizacion urgente: issste-expediente.net
spam,Gane un automovil 0km participando en rifa Cruz Azul: bit.ly/cruzazul-rifa
spam,Banco Azteca: su estado de cuenta tiene cargos erroneos: bit.ly/azteca-cargos
spam,Su cuenta de Uber fue suspendida por actividad inusual: bit.ly/uber-mx
spam,IMSS: cambio en su regimen de seguridad social pendiente: imss-regimen.com
spam,Alerta BBVA: su firma digital fue comprometida. Renueve: bit.ly/bbva-firma
spam,Su propiedad tiene un gravamen registrado sin su consentimiento: gravamen-mx.net
spam,Premio especial Bodega Aurrera navidad $15000. Reclame ya: bit.ly/aurrera-navidad
spam,CONAGUA: su toma de agua sera suspendida por adeudo: conagua-suspension.com
spam,Detectamos virus en su telefono Android. Elimínelo gratis: bit.ly/virus-android
spam,Su pension del IMSS tiene un incremento retroactivo: imss-incremento.net
spam,Alerta Telcel: su numero sera portado sin su autorizacion: bit.ly/telcel-portacion
spam,CFE: tiene un saldo a favor de $1340. Reclamelo: cfe-saldo-favor.com
spam,BBVA: su cuenta de ahorro tiene rendimientos no cobrados: bit.ly/bbva-rendimientos
spam,Gobierno CDMX: bono de desempleo disponible para usted: bono-desempleo-cdmx.com
spam,Su CURP tiene un tramite de defuncion iniciado por error: curp-defuncion.net
spam,Alerta Banorte: su chequera electronica expira mañana: bit.ly/banorte-chequera
spam,IMSS: su clinica asignada cambia el proximo lunes. Confirme: bit.ly/imss-cambio
ham,Tu código de WhatsApp es: 482-910. No lo compartas con nadie.
ham,G-123456 es tu código de verificación de Google.
ham,Uber: Tu codigo Uber es 9921. NUNCA compartas este codigo. Uber NUNCA te llamara para pedirlo.
ham,Amazon: Tu paquete de tu pedido 182-392 está a 2 paradas de distancia. Prepárate para recibirlo.
ham,Tu codigo de verificacion de Instagram es 39281.
ham,Mercado Libre: Tu paquete llega hoy. Sigue el envio en mercadolibre.com/mis-compras
ham,"Banorte: Compra aprobada por $450.00 en OXXO. Si no la reconoces, llama al 800-226-6783."
ham,"BBVA: Retiro exitoso por $500.00 en CAJERO SUC. 1234 a las 14:30 hrs. Si no reconoces este cargo, llama al 55 5226 2663."
ham,Santander: Transferencia enviada por $1500 a la cuenta terminacion 4829.
ham,Banamex: Su pago a tarjeta de credito por $2000 fue aplicado exitosamente.
ham,SAT: Tienes un nuevo mensaje en tu Buzón Tributario. Ingresa a sat.gob.mx para revisarlo.
ham,CFE: Tu recibo de luz ya está disponible para consulta en la app CFE Contigo.
ham,Cinemex: ¡Hoy es martes de 2x1! Muestra este SMS en taquilla.
ham,Cinepolis: ¡Tu tarjeta Club Cinepolis tiene un 2x1! Presenta el codigo 8472 en taquilla.
ham,Farmacias del Ahorro: Tu pedido 4829 esta listo para recoger en sucursal.
ham,Didi: El conductor Juan está en camino en un Versa blanco placas ABC1234.
ham,Rappi: Tu pedido esta en camino y llega en 10 minutos.
ham,Juan: ¿Me pasas el contacto del plomero? Se rompió la tubería del baño.
ham,Profesor ML: Recuerda que mañana tenemos junta a las 9 am para revisar el proyecto.
ham,Telcel: Tu recarga de $100 fue exitosa. Tienes redes sociales ilimitadas por 15 dias.